<?xml version="1.0" encoding="utf-8"?>
<root>

    <!-- tools  -->
    <lib name="@babel/cli" version="7.13.10"/>
    <lib name="@babel/core" version="7.13.13"/>
    <lib name="@babel/preset-env" version="7.13.12"/>
    <lib name="@babel/polyfill" version="7.12.1"/>
    <lib name="@babel/plugin-external-helpers" version="7.12.13"/>

    <lib name="cross-env" version="7.0.3"/>
    <lib name="find-requires" version="1.0.0"/>

    <lib name="fs-extra" version="9.1.0"/>
    <lib name="globby" version="11.0.3"/>
    <lib name="require-from-string" version="2.0.2"/>
    <lib name="del" version="6.0.0"/>

    <lib name="less" version="3.12.2"/>

    <lib name="vue-template-compiler" version="2.6.12"/>
    <lib name="vue-template-es2015-compiler" version="1.9.1"/>
    <lib name="@vue/babel-helper-vue-jsx-merge-props" version="1.2.1" client="true"/>
    <lib name="@vue/babel-preset-jsx" version="1.2.4"/>

    <lib name="gulp" version="4.0.2"/>
    <lib name="gulp-babel" version="8.0.0"/>
    <lib name="gulp-cached" version="1.1.1"/>
    <lib name="gulp-debug" version="4.0.0"/>
    <lib name="gulp-if" version="3.0.0"/>
    <lib name="gulp-plumber" version="1.2.1"/>
    <lib name="gulp-rename" version="2.0.0"/>
    <lib name="gulp-uglify" version="3.0.2"/>
    <lib name="gulp-notify" version="3.2.0"/>
    <lib name="gulp-less" version="4.0.1"/>
    <lib name="through2" version="4.0.2"/>
    <lib name="vinyl" version="2.2.1"/>

    <lib name="postcss" version="8.2.8"/>
    <lib name="gulp-postcss" version="9.0.0"/>
    <lib name="postcss-pxtorem" version="6.0.0"/>

    <lib name="node-sass" version="5.0.0"/>
    <lib name="gulp-sass" version="4.1.0"/>

    <lib name="terser" version="5.6.1"/>
    <lib name="clean-css" version="5.1.2"/>

    <!-- client -->

    <lib name="jquery" version="3.6.0" client="true">
        <include-client mask="dist/**/*"/>

        <exclude-client mask="**/*.map"/>

        <module-mapping module="jquery" real-module="jquery/dist/jquery.slim.js"/>
    </lib>

    <lib name="axios" version="0.21.1" client="true">
        <include-client mask="dist/**/*"/>

        <exclude-client mask="**/*.map"/>

        <module-mapping module="axios" real-module="axios/dist/axios"/>
    </lib>

    <lib name="chai" version="4.3.4" client="true">
        <include-client mask="chai.js"/>

        <exclude-require mask="**/*.js"/>
    </lib>

    <lib name="mocha" version="8.3.2" client="true">
        <include-client mask="mocha.*"/>

        <exclude-require mask="**/*.js"/>
    </lib>

    <lib name="vue" version="2.6.12" client="true">
        <include-client mask="dist/*.js"/>

        <exclude-client mask="dist/*.common.*"/>
        <exclude-client mask="dist/*.esm.*"/>

        <module-mapping module="vue" real-module="vue/dist/vue"/>
    </lib>

    <lib name="vue-router" version="3.5.1" client="true">
        <include-client mask="dist/*.js"/>

        <exclude-client mask="dist/*.common.*"/>
        <exclude-client mask="dist/*.esm.*"/>

        <module-mapping module="vue-router" real-module="vue-router/dist/vue-router"/>
    </lib>

    <lib name="vuex" version="3.6.2" client="true">
        <include-client mask="dist/*.js"/>

        <exclude-client mask="dist/*.common.*"/>
        <exclude-client mask="dist/*.esm.*"/>

        <module-mapping module="vuex" real-module="vuex/dist/vuex"/>
    </lib>

    <lib name="quasar" version="1.15.9" client="true">
        <include-client mask="dist/*.js"/>
        <include-client mask="dist/*.css"/>
        <include-client mask="dist/*.sass"/>
        <include-client mask="dist/*.styl"/>
        <include-client mask="dist/icon-set/*"/>
        <include-client mask="dist/lang/ru.*"/>

        <exclude-client mask="dist/*.common.*"/>
        <exclude-client mask="dist/*.esm.*"/>
        <exclude-client mask="dist/*.rtl.*"/>
        <exclude-client mask="dist/*.ie.*"/>

        <module-mapping module="quasar" real-module="quasar/dist/quasar.umd.js"/>

    </lib>

    <lib name="@quasar/extras" version="1.10.0" client="true">
        <include-client mask="material-icons/**/*"/>
        <include-client mask="animate/**/*"/>
    </lib>

    <lib name="lodash" version="4.17.21" client="true">
        <include-client mask="**/*"/>

        <exclude-client mask="fp/**/*"/>
    </lib>

    <lib name="@fontsource/roboto" version="4.2.2" client="true">
    </lib>

    <lib name="@fontsource/roboto-condensed" version="4.2.2" client="true">
    </lib>

    <lib name="@fontsource/roboto-mono" version="4.2.2" client="true">
    </lib>

    <lib name="path-to-regexp" version="6.2.0" client="true">
        <include-client mask="dist/**/*.js"/>
    </lib>

    <lib name="tabulator-tables" version="4.9.3" client="true">
        <include-client mask="dist/**/*"/>
        <exclude-client mask="**/*.map"/>
        <exclude-client mask="**/*.es2015.*"/>
        <exclude-client mask="**/*jquery*.*"/>
    </lib>

    <lib name="chance" version="1.1.7" client="true">
        <include-client mask="dist/**/*.js"/>
        <exclude-require mask="**/*.js"/>
        <module-mapping module="chance" real-module="chance/dist/chance.min.js"/>
    </lib>

    <lib name="portal-vue" version="2.1.7" client="true">
        <include-client mask="dist/**/*.min.js"/>
        <module-mapping module="portal-vue"
                        real-module="portal-vue/dist/portal-vue.umd.min.js"/>
    </lib>

    <lib name="echarts" version="5.0.2" client="true">
        <include-client mask="dist/**/echarts.min.js"/>
        <include-client mask="dist/extension/*.min.js"/>
        <module-mapping module="echarts" real-module="echarts/dist/echarts.min.js"/>
    </lib>

    <lib name="xlsx" version="0.16.9" client="true">
        <include-client mask="dist/xlsx.full.min.js"/>
        <module-mapping module="xlsx" real-module="xlsx/dist/xlsx.full.min.js"/>
        <exclude-require mask="**/*.js"/>
    </lib>

</root>